,date,Korea,Australia,Iceland,United Kingdom,Denmark,Spain,Japan,Norway,Canada,Finland,Netherlands,United States,Mexico,Belgium,Germany,Luxembourg,Portugal,Italy,Austria,Ireland,Switzerland,Sweden,France,Greece
1,1973-Q1,0.450727164,-5.610639016,0.177780108,3.524788898,0.177780108,0.928300951,3.636976205,0.177780108,0.592567395,0.177780108,0.177780108,6.084518621,0.378076028,0.177780108,-3.192449948,0.177780108,0.177780108,0.521000467,0.177780108,0.177780108,0.576013127,0.537698799,4.897004988,0.177780108
2,1973-Q2,1.76682342,-2.125781887,0.696887348,5.681745945,0.696887348,3.638883991,4.517805348,0.696887348,2.322828609,0.696887348,0.696887348,9.228095459,1.482035331,0.696887348,-3.49012937,0.696887348,0.696887348,2.042290549,0.696887348,0.696887348,2.257936874,2.10774701,3.082016087,0.696887348
3,1973-Q3,2.720488584,-0.73704032,1.07304106,5.781080155,1.07304106,5.603017395,4.501903326,1.07304106,3.576604567,1.07304106,1.07304106,9.455920765,2.281982542,1.07304106,-0.718762444,1.07304106,1.07304106,3.144642561,1.07304106,1.07304106,3.476686702,3.24542997,4.084078972,1.07304106
4,1973-Q4,4.558426501,2.299082303,1.797978067,8.5213224,1.797978067,9.388366167,7.008218428,1.797978067,5.992926837,1.797978067,1.797978067,10.43427981,3.823669674,1.797978067,1.672406077,1.797978067,1.797978067,5.269135137,1.797978067,1.797978067,5.825505349,5.438013623,2.980461069,1.797978067
5,1974-Q1,7.761971097,2.392888193,3.061550687,13.58877518,3.061550687,15.98626781,19.19207639,3.061550687,10.20460128,3.061550687,3.061550687,8.350902015,6.510846119,3.061550687,2.116458185,3.061550687,3.061550687,8.972147435,3.061550687,3.061550687,9.919520284,9.259709366,5.660969784,3.061550687
6,1974-Q2,6.302894898,5.215292522,2.486047934,6.511887471,2.486047934,12.98120858,11.72268099,2.486047934,8.286365476,2.486047934,2.486047934,11.56433245,5.286953311,2.486047934,4.146743649,2.486047934,2.486047934,7.285585271,2.486047934,2.486047934,8.054873307,7.519092019,3.766967297,2.486047934
7,1974-Q3,8.405909349,7.618587853,3.315538956,8.81569598,3.315538956,17.31249915,13.19923733,3.315538956,11.05118174,3.315538956,3.315538956,14.74583314,7.050990216,3.315538956,4.755790372,3.315538956,3.315538956,9.716482716,3.315538956,3.315538956,10.74245024,10.02790097,5.862719321,3.315538956
8,1974-Q4,9.104645669,8.468284076,3.591141201,9.145334969,3.591141201,18.75159056,19.02334393,3.591141201,11.96980479,3.591141201,3.591141201,8.314322749,7.637099672,3.591141201,6.134705955,3.591141201,3.591141201,10.52415968,3.591141201,3.591141201,11.63541017,10.8614644,7.922172465,3.591141201
9,1975-Q1,6.843736993,5.910990767,2.699372033,6.503401416,2.699372033,14.0951069,14.9533602,2.699372033,8.99740625,2.699372033,2.699372033,-3.281680101,5.740618959,2.699372033,12.56167833,2.699372033,2.699372033,7.910750575,2.699372033,2.699372033,8.746050079,8.164294191,9.384241919,2.699372033
10,1975-Q2,4.440008196,2.176867579,1.751270389,8.956310082,1.751270389,9.144476217,10.63923913,1.751270389,5.837243238,1.751270389,1.751270389,-6.402819377,3.724338801,1.751270389,8.702402754,1.751270389,1.751270389,5.132254121,1.751270389,1.751270389,5.674171008,5.2967455,8.164124486,1.751270389
11,1975-Q3,2.887860082,0.14252187,1.139057323,6.26466529,1.139057323,5.947729526,9.666477789,1.139057323,3.796646537,1.139057323,1.139057323,-3.883154086,2.422376014,1.139057323,5.150657311,1.139057323,1.139057323,3.33810911,1.139057323,1.139057323,3.690581466,3.445097221,5.986617771,1.139057323
12,1975-Q4,1.94722146,-0.875374094,0.768041664,5.377647667,0.768041664,4.010425105,9.654966607,0.768041664,2.559996469,0.768041664,0.768041664,-3.55379487,1.633355642,0.768041664,2.52592499,0.768041664,0.768041664,2.250814621,0.768041664,0.768041664,2.48847909,2.322954385,4.799750801,0.768041664
13,1976-Q1,0.999794518,-2.543415782,0.394348491,2.97335927,0.394348491,2.05913971,8.048179912,0.394348491,1.31442185,0.394348491,0.394348491,-6.881251761,0.838641136,0.394348491,6.563754054,0.394348491,0.394348491,1.155673437,0.394348491,0.394348491,1.277701485,1.192713364,4.330869941,0.394348491
14,1976-Q2,0.629310224,-2.566473887,0.248218542,4.073327036,0.248218542,1.296103998,8.38809017,0.248218542,0.827349114,0.248218542,0.248218542,-3.363529866,0.527873909,0.248218542,1.270531419,0.248218542,0.248218542,0.727426583,0.248218542,0.248218542,0.804235864,0.750740978,2.563207566,0.248218542
15,1976-Q3,0.30022029,-3.176379215,0.118415751,3.689076372,0.118415751,0.618322575,6.062031903,0.118415751,0.394697212,0.118415751,0.118415751,-2.515330114,0.251828831,0.118415751,1.628862119,0.118415751,0.118415751,0.347027923,0.118415751,0.118415751,0.383670748,0.358150346,2.788125366,0.118415751
16,1976-Q4,0.463922947,-1.850639242,0.182984915,2.512733524,0.182984915,0.955478497,8.330193637,0.182984915,0.609915785,0.182984915,0.182984915,-0.966156008,0.38914483,0.182984915,-2.108085813,0.182984915,0.182984915,0.536253618,0.182984915,0.182984915,0.592876864,0.553440821,3.497889017,0.182984915
17,1977-Q1,1.185208349,-2.754734688,0.467481184,2.891143713,0.467481184,2.441011161,5.990246064,0.467481184,1.55818393,0.467481184,0.467481184,2.209423459,0.99416876,0.467481184,1.552003189,0.467481184,0.467481184,1.369995317,0.467481184,0.467481184,1.514653702,1.41390437,3.667570853,0.467481184
18,1977-Q2,1.489195153,-2.623663692,0.587382559,3.693044188,0.587382559,3.067091109,6.311885905,0.587382559,1.957832949,0.587382559,0.587382559,3.05599951,1.249156994,0.587382559,0.310476041,0.587382559,0.587382559,1.721376994,0.587382559,0.587382559,1.90313792,1.77654801,4.552600718,0.587382559
19,1977-Q3,1.286413181,-2.472832045,0.507399359,2.49289137,0.507399359,2.64944888,5.697199402,0.507399359,1.691237113,0.507399359,0.507399359,3.407253049,1.079060739,0.507399359,0.626231661,0.507399359,0.507399359,1.486979091,0.507399359,0.507399359,1.643989843,1.534637534,4.385760244,0.507399359
20,1977-Q4,0.456001178,-3.004863345,0.179860335,1.834927835,0.179860335,0.939163115,5.448061964,0.179860335,0.599501099,0.179860335,0.179860335,4.361435449,0.382499943,0.179860335,-2.4197839,0.179860335,0.179860335,0.527096758,0.179860335,0.179860335,0.582753128,0.543990479,3.150691217,0.179860335
21,1978-Q1,1.003207166,-3.388118777,0.395694541,2.244113693,0.395694541,2.066168274,4.740806502,0.395694541,1.318908432,0.395694541,0.395694541,3.827596943,0.841503711,0.395694541,0.937649121,0.395694541,0.395694541,1.159618155,0.395694541,0.395694541,1.282062727,1.196784512,4.149034574,0.395694541
22,1978-Q2,1.568705122,-3.650315466,0.618743639,2.246444533,0.618743639,3.230846892,5.818671296,0.618743639,2.062364068,0.618743639,0.618743639,3.21955542,1.315851029,0.618743639,-0.804288979,0.618743639,0.618743639,1.813283438,0.618743639,0.618743639,2.004748805,1.871400103,8.926612297,0.618743639
23,1978-Q3,0.719208206,-4.493777997,0.283676962,1.264409593,0.283676962,1.481254549,5.775488583,0.283676962,0.945537272,0.283676962,0.283676962,2.837032441,0.603281551,0.283676962,-1.959551632,0.283676962,0.283676962,0.831340646,0.283676962,0.283676962,0.919122257,0.85798554,7.457508447,0.283676962
24,1978-Q4,0.300446665,-4.674709504,0.11850504,1.831874838,0.11850504,0.61878881,4.10921605,0.11850504,0.394994826,0.11850504,0.11850504,4.976091896,0.252018718,0.11850504,-3.989918989,0.11850504,0.11850504,0.347289592,0.11850504,0.11850504,0.383960048,0.358420402,6.225131392,0.11850504
25,1979-Q1,0.187520797,-5.532785965,0.073963742,2.892053255,0.073963742,0.386210879,4.350027107,0.073963742,0.246532091,0.073963742,0.073963742,4.185153521,0.157294975,0.073963742,-3.431303969,0.073963742,0.073963742,0.216757344,0.073963742,0.073963742,0.239644843,0.223704528,5.366419379,0.073963742
26,1979-Q2,-0.644146559,-3.198738806,-0.254070431,0.109118333,-0.254070431,-1.326660364,3.5344763,-0.254070431,-0.846854325,-0.254070431,-0.254070431,4.671219669,-0.540318827,-0.254070431,-8.778644426,-0.254070431,-0.254070431,-0.744576065,-0.254070431,-0.254070431,-0.823196167,-0.76844011,6.718892879,-0.254070431
27,1979-Q3,1.018264818,-3.068576254,0.401633723,3.013395967,0.401633723,2.097180455,2.371445429,0.401633723,1.338704606,0.401633723,0.401633723,4.840042327,0.854134272,0.401633723,-1.077869983,0.401633723,0.401633723,1.177023459,0.401633723,0.401633723,1.301305865,1.214747665,6.519065871,0.401633723
28,1979-Q4,0.379666335,-2.678154001,0.149751618,1.996850902,0.149751618,0.781946703,2.714138412,0.149751618,0.499144292,0.149751618,0.149751618,6.513707086,0.318469246,0.149751618,-4.152351949,0.149751618,0.149751618,0.438860477,0.149751618,0.149751618,0.48519994,0.45292618,4.538165533,0.149751618
29,1980-Q1,1.767093186,-0.26468509,0.696993752,3.160049975,0.696993752,3.639439592,1.646587837,0.696993752,2.323183269,0.696993752,0.696993752,6.426778364,1.482261615,0.696993752,-0.542571878,0.696993752,0.696993752,2.042602375,0.696993752,0.696993752,2.258281626,2.10806883,6.469140661,0.696993752
30,1980-Q2,1.186404026,0.610123842,0.467952794,1.677270534,0.467952794,2.443473733,3.238897305,0.467952794,1.559755878,0.467952794,0.467952794,2.976327713,0.99517171,0.467952794,0.586159078,0.467952794,0.467952794,1.371377413,0.467952794,0.467952794,1.516181735,1.415330763,4.473736541,0.467952794
31,1980-Q3,-0.689925999,-1.200472482,-0.272127194,1.241147103,-0.272127194,-1.420946001,-0.046946702,-0.272127194,-0.907040189,-0.272127194,-0.272127194,-2.12492848,-0.57871924,-0.272127194,-0.28612021,-0.272127194,-0.272127194,-0.797493022,-0.272127194,-0.272127194,-0.881700648,-0.823053082,5.210899975,-0.272127194
32,1980-Q4,-0.960455089,-2.942462814,-0.378831859,3.768119786,-0.378831859,-1.978117682,-0.119815021,-0.378831859,-1.262702618,-0.378831859,-0.378831859,0.894204687,-0.805642692,-0.378831859,-5.578325648,-0.378831859,-0.378831859,-1.110200561,-0.378831859,-0.378831859,-1.227427108,-1.145783058,5.219194043,-0.378831859
33,1981-Q1,-0.49724746,-2.762333405,-0.196129087,3.871322049,-0.196129087,-2.168400225,0.468459636,-0.196129087,-0.925022403,-0.196129087,-0.196129087,0.999864806,-0.417097881,-0.196129087,-2.838043403,-0.196129087,-0.196129087,5.147946738,-0.196129087,-0.196129087,-5.864606107,4.979731898,6.240037139,-0.196129087
34,1981-Q2,0.458752916,0.143745085,0.180945701,4.491768524,0.180945701,-2.602272705,-0.154994819,0.180945701,6.872824415,0.180945701,0.180945701,3.337821053,0.384808137,0.180945701,-3.149961322,0.180945701,0.180945701,8.064949357,0.180945701,0.180945701,-10.47909415,3.3585408,7.32482156,0.180945701
35,1981-Q3,2.705009679,-0.706773921,1.066935723,4.109606652,1.066935723,-4.11843452,1.678030968,1.066935723,12.20196378,1.066935723,1.066935723,6.142072292,2.268998628,1.066935723,0.250671633,1.066935723,1.066935723,10.03306699,1.066935723,1.066935723,-1.578576651,3.643001522,9.188997207,1.066935723
36,1981-Q4,2.807871799,1.193910303,1.107507581,5.580314744,1.107507581,-3.164624618,2.882331721,1.107507581,5.829653472,1.107507581,1.107507581,2.662994534,2.355280762,1.107507581,-0.324989103,1.107507581,1.107507581,7.878775357,1.107507581,1.107507581,5.945276331,4.850308331,8.592006793,1.107507581
37,1982-Q1,3.793336626,4.303168838,1.496204019,7.328818423,1.496204019,-0.940602737,1.600137657,1.496204019,10.70938572,1.496204019,1.496204019,3.447422527,3.18190196,1.496204019,-1.595316686,1.496204019,1.496204019,8.005039617,1.496204019,1.496204019,7.614240982,2.871182773,8.951701564,1.496204019
38,1982-Q2,3.326370588,3.651042332,1.31201882,6.837124975,1.31201882,0.417557498,1.433484036,1.31201882,8.632330761,1.31201882,1.31201882,4.242115015,2.790204545,1.31201882,-0.565352225,1.31201882,1.31201882,7.633505626,1.31201882,1.31201882,-0.534303603,4.330026226,11.30415561,1.31201882
39,1982-Q3,1.973157144,4.233112918,0.778271464,7.087672982,0.778271464,3.084633036,2.315603974,0.778271464,-1.427456968,0.778271464,0.778271464,-0.534240447,1.655110844,0.778271464,-2.789612213,0.778271464,0.778271464,5.735066314,0.778271464,0.778271464,-0.402356536,5.127532911,10.71299885,0.778271464
40,1982-Q4,1.337616828,3.188615126,0.52759559,6.09786188,0.52759559,3.351281713,2.836653701,0.52759559,-3.991997295,0.52759559,0.52759559,-4.6992181,1.122011049,0.52759559,-3.205177002,0.52759559,0.52759559,6.777095818,0.52759559,0.52759559,0.25698461,5.191191676,10.65240437,0.52759559
41,1983-Q1,0.78233341,3.244173232,0.308575407,3.738909464,0.308575407,5.162509646,1.843046763,0.308575407,-7.799764672,0.308575407,0.308575407,-6.340859012,0.656231824,0.308575407,-5.276580883,0.308575407,0.308575407,7.205731774,0.308575407,0.308575407,3.435618792,5.342547866,10.0575813,0.308575407
42,1983-Q2,0.516666987,2.014027148,0.203788722,2.545594987,0.203788722,5.997092144,0.94857507,0.203788722,-7.110094463,0.203788722,0.203788722,-5.38150514,0.433387242,0.203788722,-7.06559202,0.203788722,0.203788722,7.4829604,0.203788722,0.203788722,5.971951554,4.144567396,8.269951982,0.203788722
43,1983-Q3,0.309145585,-1.707279012,0.121936151,1.422416128,0.121936151,7.254098261,1.651818292,0.121936151,-5.614645501,0.121936151,0.121936151,-3.248772665,0.259315489,0.121936151,-7.144556919,0.121936151,0.121936151,6.637993523,0.121936151,0.121936151,4.994376849,3.983365214,7.405141026,0.121936151
44,1983-Q4,0.388187465,-0.781092641,0.153112603,2.126751647,0.153112603,6.546095761,2.262618209,0.153112603,-5.643074529,0.153112603,0.153112603,-0.810945165,0.325616885,0.153112603,-6.341839661,0.153112603,0.153112603,6.154527194,0.153112603,0.153112603,2.882938752,3.307805019,6.76186209,0.153112603
45,1984-Q1,1.053691179,-1.988872731,0.415606927,3.23916724,0.415606927,8.770257011,1.708632102,0.415606927,-3.778149714,0.415606927,0.415606927,1.625759268,0.883850382,0.415606927,-4.365326848,0.415606927,0.415606927,6.351323114,0.415606927,0.415606927,2.167982101,3.184572219,6.552840978,0.415606927
46,1984-Q2,1.307534054,0.640132105,0.515730055,4.660470136,0.515730055,7.375006011,1.071244282,0.515730055,-3.84234814,0.515730055,0.515730055,2.620072061,1.096777212,0.515730055,-5.797806708,0.515730055,0.515730055,6.241476804,0.515730055,0.515730055,3.015713184,3.317087833,6.838113099,0.515730055
47,1984-Q3,1.447523327,1.841452387,0.57094596,4.05124809,0.57094596,6.908836496,1.903789534,0.57094596,-5.267171557,0.57094596,0.57094596,2.249105165,1.214202103,0.57094596,-4.520557923,0.57094596,0.57094596,6.30002148,0.57094596,0.57094596,3.68161055,4.761399386,5.702416898,0.57094596
48,1984-Q4,1.200880184,3.083146427,0.473662618,4.127591714,0.473662618,4.282856892,2.175141667,0.473662618,-6.109848671,0.473662618,0.473662618,1.857925413,1.007314507,0.473662618,-4.183885856,0.473662618,0.473662618,6.118211594,0.473662618,0.473662618,4.094763312,4.55523245,5.015796398,0.473662618
49,1985-Q1,0.880941203,4.371003635,0.347469233,2.261804331,0.347469233,3.214678116,2.947360994,0.347469233,-5.082391979,0.347469233,0.347469233,-0.458098298,0.738945371,0.347469233,-6.674189643,0.347469233,0.347469233,5.054499932,0.347469233,0.347469233,5.584052577,5.409387469,5.022374333,0.347469233
50,1985-Q2,0.490924874,7.275771569,0.193635272,-1.312909634,0.193635272,2.564589315,3.506728561,0.193635272,-6.597528198,0.193635272,0.193635272,-0.291480767,0.411794411,0.193635272,-5.851735938,0.193635272,0.193635272,4.782155486,0.193635272,0.193635272,3.416711104,5.479643637,4.574721238,0.193635272
51,1985-Q3,1.410528141,7.498760615,0.556353965,1.809998915,0.556353965,4.059192652,3.653994913,0.556353965,-5.567985409,0.556353965,0.556353965,0.366987779,1.183170042,0.556353965,-3.168024063,0.556353965,0.556353965,4.572417581,0.556353965,0.556353965,2.576946447,6.549225678,4.871366051,0.556353965
52,1985-Q4,1.090551091,9.528248787,0.430145565,0.871790245,0.430145565,1.0691599,4.401616535,0.430145565,-5.724920603,0.430145565,0.430145565,0.881313154,0.914768974,0.430145565,-3.697168323,0.430145565,0.430145565,3.784108568,0.430145565,0.430145565,2.30722066,5.655434982,4.779226811,0.430145565
53,1986-Q1,1.715477147,10.90555526,0.676634862,2.543000507,0.676634862,1.0138888,2.564477854,0.676634862,-2.602307666,0.676634862,0.676634862,-2.13375766,1.438965385,0.676634862,-1.483030192,0.676634862,0.676634862,4.696840429,0.676634862,0.676634862,3.938166462,6.318013763,4.670756526,0.676634862
54,1986-Q2,1.701636687,11.70342733,0.671175775,2.292727769,0.671175775,1.948743298,2.519626194,0.671175775,-3.07062024,0.671175775,0.671175775,-0.022358063,1.42735582,0.671175775,0.674993274,0.671175775,0.671175775,3.392483535,0.671175775,0.671175775,3.2782135,5.383970001,2.184765917,0.671175775
55,1986-Q3,2.036247451,12.98515433,0.803156145,1.867336815,0.803156145,2.402989959,3.32748882,0.803156145,-1.863502515,0.803156145,0.803156145,1.250239474,1.708031845,0.803156145,0.259179782,0.803156145,0.803156145,2.6913908,0.803156145,0.803156145,3.957735492,4.879013517,2.049774798,0.803156145
56,1986-Q4,1.657901656,11.36582674,0.653925387,2.413080425,0.653925387,1.537961604,3.516505263,0.653925387,-3.310136723,0.653925387,0.653925387,0.784219983,1.390670285,0.653925387,0.480887938,0.653925387,0.653925387,2.349286327,0.653925387,0.653925387,2.966558955,5.237081659,2.484513248,0.653925387
57,1987-Q1,1.392620744,9.878695881,0.549290759,2.046112291,0.549290759,5.160264048,3.633550471,0.549290759,-9.408777478,0.549290759,0.549290759,-1.305069743,1.168149076,0.549290759,2.107718418,0.549290759,0.549290759,3.020310345,0.549290759,0.549290759,3.033634938,6.096018576,2.771998874,0.549290759
58,1987-Q2,2.327630104,8.314185042,0.918086071,2.468749243,0.918086071,6.868311476,4.900849912,0.918086071,-3.207650491,0.918086071,0.918086071,0.635203403,1.952447547,0.918086071,0.922690432,0.918086071,0.918086071,2.617209151,0.918086071,0.918086071,3.448794927,6.945168426,2.959265304,0.918086071
59,1987-Q3,1.645106622,6.677723415,0.648878648,1.681194668,0.648878648,6.350624423,4.464445639,0.648878648,-3.088678847,0.648878648,0.648878648,-0.667397422,1.379937638,0.648878648,-1.276260798,0.648878648,0.648878648,2.835815713,0.648878648,0.648878648,3.806753955,5.314521612,3.592411644,0.648878648
60,1987-Q4,3.9228088,7.903045863,1.54727167,1.484561697,1.54727167,3.828886268,3.998387358,1.54727167,-0.562185468,1.54727167,1.54727167,16.75262914,3.290504968,1.54727167,5.355532859,1.54727167,1.54727167,2.60814706,1.54727167,1.54727167,2.656641497,5.380834604,4.251025029,1.54727167
61,1988-Q1,2.913127754,9.211242543,1.149023639,3.81397294,1.149023639,1.912106597,3.244153339,1.149023639,-4.169546063,1.149023639,1.149023639,9.867725618,2.443570878,1.149023639,3.195096977,1.149023639,1.149023639,2.705033547,1.149023639,1.149023639,3.394799463,5.748692402,4.110200741,1.149023639
62,1988-Q2,2.022703972,8.532974247,0.797814197,4.314925481,0.797814197,0.40559164,2.658928133,0.797814197,-3.245933249,0.797814197,0.797814197,4.849031175,1.696671392,0.797814197,0.045256562,0.797814197,0.797814197,3.093829519,0.797814197,0.797814197,4.012377937,5.248641305,3.748671837,0.797814197
63,1988-Q3,1.709002589,7.307976252,0.674081105,3.345578929,0.674081105,-0.504308783,3.428654535,0.674081105,-0.648699628,0.674081105,0.674081105,2.651292218,1.433534438,0.674081105,-2.262429362,0.674081105,0.674081105,3.45880978,0.674081105,0.674081105,5.18624572,5.371542212,3.028815863,0.674081105
64,1988-Q4,1.386015114,6.282133755,0.546685304,2.214840396,0.546685304,1.190972815,3.582742494,0.546685304,-3.36323465,0.546685304,0.546685304,0.736026095,1.162608185,0.546685304,-2.114980029,0.546685304,0.546685304,3.599729233,0.546685304,0.546685304,6.871764039,5.168947914,2.796009049,0.546685304
65,1989-Q1,1.40330484,7.107448762,0.553504882,3.556948905,0.553504882,2.565356928,3.359013355,0.553504882,-3.116627245,0.553504882,0.553504882,-1.590175902,1.17711104,0.553504882,-3.712260322,0.553504882,0.553504882,4.034893617,0.553504882,0.553504882,7.7430183,4.866402106,2.332857912,0.553504882
66,1989-Q2,1.871546235,9.647753863,0.73819312,3.711104332,0.73819312,2.005073832,3.231690684,0.73819312,-0.907560671,0.73819312,0.73819312,-1.63207805,1.569878242,0.73819312,-3.726273305,0.73819312,0.73819312,4.104102278,0.73819312,0.73819312,8.902868861,4.675623308,2.061483224,0.73819312
67,1989-Q3,2.307324988,7.719889243,0.910077133,3.690270657,0.910077133,2.876609252,4.758645856,0.910077133,-1.643680545,0.910077133,0.910077133,0.42800755,1.935415342,0.910077133,-2.229872069,0.910077133,0.910077133,4.670511384,0.910077133,0.910077133,9.049669935,5.455820453,1.883251388,0.910077133
68,1989-Q4,2.228936302,6.773201037,0.87915832,2.703676898,0.87915832,2.086961142,5.832095416,0.87915832,-0.649743676,0.87915832,0.87915832,-0.505838423,1.869661853,0.87915832,-1.600323411,0.87915832,0.87915832,4.072714703,0.87915832,0.87915832,9.57612788,6.106447425,1.438985631,0.87915832
69,1990-Q1,2.405824805,6.131411376,0.94892837,3.832202038,0.94892837,1.242194587,5.356397908,0.94892837,3.231987191,0.94892837,0.94892837,1.483839128,2.018038317,0.94892837,-2.916728645,0.94892837,0.94892837,3.178373768,0.94892837,0.94892837,10.36215363,4.549676616,1.244046554,0.94892837
70,1990-Q2,1.560392563,3.58940581,0.615464921,0.515485857,0.615464921,0.341907772,4.338833398,0.615464921,3.775825883,0.615464921,0.615464921,0.918386,1.308878342,0.615464921,-1.034417096,0.615464921,0.615464921,1.988125746,0.615464921,0.615464921,7.705131647,6.123154669,0.537939241,0.615464921
71,1990-Q3,1.238314157,2.485103121,0.488427683,-0.396145138,0.488427683,-0.663514393,3.712426427,0.488427683,2.948214536,0.488427683,0.488427683,3.966792055,1.038714628,0.488427683,0.679024035,0.488427683,0.488427683,1.398127834,0.488427683,0.488427683,6.531746128,4.56263325,0.186409822,0.488427683
72,1990-Q4,1.455320374,3.034423209,0.574021345,1.477178005,0.574021345,0.83461948,2.633656696,0.574021345,1.193838506,0.574021345,0.574021345,5.127502424,1.220742372,0.574021345,1.052477192,0.574021345,0.574021345,2.086410944,0.574021345,0.574021345,5.012178552,4.978953324,0.26295397,0.574021345
73,1991-Q1,1.891325193,-0.239094058,0.117743822,1.919272327,0.117743822,-1.247538388,4.757326675,0.117743822,0.207022927,0.117743822,0.117743822,1.070362326,0.335969181,0.117743822,3.190902196,0.117743822,0.117743822,4.638751028,0.117743822,0.117743822,1.941693005,2.980063373,2.728805542,0.117743822
74,1991-Q2,-0.235240752,0.615638385,-0.277494529,1.473594032,-0.277494529,-0.097371333,3.160776503,-0.277494529,-1.343934687,-0.277494529,-0.277494529,-0.177503445,-0.925054407,-0.277494529,0.091053425,-0.277494529,-0.277494529,1.729274562,-0.277494529,-0.277494529,1.104455566,3.248333337,1.017565765,-0.277494529
75,1991-Q3,-0.914007218,-0.270625848,-0.613019745,-0.793822336,-0.613019745,-0.884060018,2.002098069,-0.613019745,-1.538038915,-0.613019745,-0.613019745,-0.9226155,-1.063719255,-0.613019745,-1.10262608,-0.613019745,-0.613019745,0.385335744,-0.613019745,-0.613019745,-0.673296901,0.818105548,-0.02068016,-0.613019745
76,1991-Q4,-0.417147701,0.138513655,-0.542314446,-0.579069963,-0.542314446,-0.826968203,0.88187576,-0.542314446,-0.791161012,-0.542314446,-0.542314446,-0.578579655,-1.307327601,-0.542314446,-0.558274044,-0.542314446,-0.542314446,0.301942323,-0.542314446,-0.542314446,-1.071805301,1.027071577,0.489932145,-0.542314446
77,1992-Q1,-0.154824639,0.53542285,-0.30196859,0.28952548,-0.30196859,4.287036842,1.333629648,-0.30196859,-0.787105832,-0.30196859,-0.30196859,0.542251591,-0.810967124,-0.30196859,-0.148135872,-0.30196859,-0.30196859,1.692634073,-0.30196859,-0.30196859,-1.831735456,3.343384507,0.53217549,-0.30196859
78,1992-Q2,-0.543366389,-0.770603266,-0.584611111,-0.46346562,-0.584611111,-0.111931149,1.10940843,-0.584611111,-1.295050653,-0.584611111,-0.584611111,-0.366147116,-0.975664522,-0.584611111,-0.994063953,-0.584611111,-0.584611111,-0.368740524,-0.584611111,-0.584611111,-2.182189981,1.967617927,0.492748014,-0.584611111
79,1992-Q3,-0.712833952,-0.648013909,-0.34672407,0.441154839,-0.34672407,2.475947721,1.529109816,-0.34672407,-1.531077062,-0.34672407,-0.34672407,-0.632764275,-1.058201336,-0.34672407,-0.234605244,-0.34672407,-0.34672407,2.633751656,-0.34672407,-0.34672407,-1.126911387,3.261624499,1.854481607,-0.34672407
80,1992-Q4,-0.139432109,-0.356459825,-0.209399698,1.593961574,-0.209399698,1.213237635,1.771084797,-0.209399698,-1.067342849,-0.209399698,-0.209399698,-0.339471515,-1.060581156,-0.209399698,-0.241636697,-0.209399698,-0.209399698,4.444710704,-0.209399698,-0.209399698,-0.642201685,5.721869431,2.168031638,-0.209399698
81,1993-Q1,-0.171843429,-0.714904859,-0.422876949,0.690459429,-0.422876949,2.824724425,0.220791808,-0.422876949,-1.677473541,-0.422876949,-0.422876949,-0.972343362,-1.208874292,-0.422876949,-1.300294435,-0.422876949,-0.422876949,3.791404845,-0.422876949,-0.422876949,-0.813588785,3.17745972,1.076779216,-0.422876949
82,1993-Q2,-0.30217988,-0.640275974,-0.599649471,-0.536664528,-0.599649471,1.43555866,0.023254508,-0.599649471,-1.585273111,-0.599649471,-0.599649471,-1.110291911,-1.462310181,-0.599649471,-1.306009288,-0.599649471,-0.599649471,2.908306974,-0.599649471,-0.599649471,-1.510262936,1.935804559,-0.849178342,-0.599649471
83,1993-Q3,-0.409028004,-1.007935423,-0.718749685,-0.644947829,-0.718749685,0.943933004,-0.240222016,-0.718749685,-1.524427618,-0.718749685,-0.718749685,-1.498830958,-1.818811475,-0.718749685,-1.575877613,-0.718749685,-0.718749685,2.512100792,-0.718749685,-0.718749685,-1.593101257,0.579093695,-1.765145136,-0.718749685
84,1993-Q4,-1.072261651,-0.983947922,-0.720063855,-0.510267888,-0.720063855,0.004949505,0.178009047,-0.720063855,-1.394828945,-0.720063855,-0.720063855,-1.049343086,-1.884668488,-0.720063855,-1.777222604,-0.720063855,-0.720063855,2.027298838,-0.720063855,-0.720063855,-1.460729529,0.839492151,-2.152903016,-0.720063855
85,1994-Q1,-0.561506845,-0.873214774,-0.596970827,-0.158298638,-0.596970827,1.279357832,-0.263983276,-0.596970827,-1.35661544,-0.596970827,-0.596970827,-0.687640946,-0.6645599,-0.596970827,-1.159147787,-0.596970827,-0.596970827,1.50835381,-0.596970827,-0.596970827,-1.14271191,1.034200147,-1.696684417,-0.596970827
86,1994-Q2,-0.227210369,-0.74097854,-0.390984519,0.991919316,-0.390984519,1.46741158,0.058781608,-0.390984519,-1.527462539,-0.390984519,-0.390984519,0.104371758,0.189785681,-0.390984519,-1.044120009,-0.390984519,-0.390984519,1.898962429,-0.390984519,-0.390984519,-1.130137861,1.225263771,0.110695038,-0.390984519
87,1994-Q3,-0.543975561,-0.640485149,-0.466122332,0.703852745,-0.466122332,2.640030715,-0.212183929,-0.466122332,-1.695066187,-0.466122332,-0.466122332,-0.466143737,-0.210317867,-0.466122332,-0.88972907,-0.466122332,-0.466122332,1.635868965,-0.466122332,-0.466122332,-1.525736873,2.078107718,0.643196526,-0.466122332
88,1994-Q4,-0.313647181,-0.463364275,-0.44721149,0.564186868,-0.44721149,1.442391,-0.301342651,-0.44721149,-1.336589684,-0.44721149,-0.44721149,-0.033360386,0.715911878,-0.44721149,-0.449102962,-0.44721149,-0.44721149,0.632934704,-0.44721149,-0.44721149,-1.049084172,1.712448777,0.573326034,-0.44721149
89,1995-Q1,-0.418200726,-0.171480353,-0.387213722,-0.162380425,-0.387213722,2.867870039,0.047647815,-0.387213722,-1.462421205,-0.387213722,-0.387213722,-0.906872679,4.502523126,-0.387213722,-0.784483251,-0.387213722,-0.387213722,1.453267476,-0.387213722,-0.387213722,-1.710312435,0.678295421,0.232230291,-0.387213722
90,1995-Q2,-0.599827896,-0.353099988,-0.468086813,-0.432451957,-0.468086813,1.73948525,0.012772541,-0.468086813,-1.235603352,-0.468086813,-0.468086813,-1.299547683,3.796549776,-0.468086813,-0.943718898,-0.468086813,-0.468086813,1.391234345,-0.468086813,-0.468086813,-1.197850046,0.51594966,0.053748334,-0.468086813
91,1995-Q3,-0.669768011,-0.555633554,-0.499034599,-0.312172421,-0.499034599,1.892978768,-0.852591164,-0.499034599,-1.133210392,-0.499034599,-0.499034599,-1.476146944,1.929632761,-0.499034599,-1.247488046,-0.499034599,-0.499034599,1.631494391,-0.499034599,-0.499034599,-0.90878546,0.942115107,0.100966069,-0.499034599
92,1995-Q4,-0.841981596,-0.799804892,-0.742974717,-1.83382628,-0.742974717,0.046066546,-1.848974991,-0.742974717,-1.487527657,-0.742974717,-0.742974717,-1.309023464,2.231205386,-0.742974717,-2.69294237,-0.742974717,-0.742974717,1.050999583,-0.742974717,-0.742974717,-1.047008946,-0.229621534,-0.90061584,-0.742974717
93,1996-Q1,-0.540395436,-1.347350916,-0.706484156,-1.479770283,-0.706484156,0.808617839,-2.346488006,-0.706484156,-1.301498474,-0.706484156,-0.706484156,-1.334565837,2.208922378,-0.706484156,-3.057391836,-0.706484156,-0.706484156,1.254682506,-0.706484156,-0.706484156,-0.85385241,0.092439324,-1.718133351,-0.706484156
94,1996-Q2,-0.330215316,-1.188639707,-0.681273988,-1.312280721,-0.681273988,-0.312383444,-1.737782786,-0.681273988,-1.128622406,-0.681273988,-0.681273988,-1.078186334,2.126704429,-0.681273988,-2.455487129,-0.681273988,-0.681273988,0.990561661,-0.681273988,-0.681273988,-0.326136163,0.283912437,-2.350121594,-0.681273988
95,1996-Q3,0.054705711,-0.873718143,-0.68564922,-1.32249753,-0.68564922,-0.743509585,-0.788273661,-0.68564922,-0.940573642,-0.68564922,-0.68564922,-1.131279034,1.7119634,-0.68564922,-2.572535114,-0.68564922,-0.68564922,0.852606508,-0.68564922,-0.68564922,-0.134697822,-0.500690603,-2.227681025,-0.68564922
96,1996-Q4,-0.073068251,-1.236913229,-0.79466538,-1.876606717,-0.79466538,-3.03983809,-0.84374546,-0.79466538,-0.719638257,-0.79466538,-0.79466538,-0.895956372,1.056293979,-0.79466538,-2.928257275,-0.79466538,-0.79466538,0.548136096,-0.79466538,-0.79466538,-0.225462231,-0.436511942,-2.533061622,-0.79466538
97,1997-Q1,0.296855272,-0.719989143,-0.68585944,-1.727091543,-0.68585944,-2.371459077,-0.541583719,-0.68585944,-0.160712892,-0.68585944,-0.68585944,-0.806920364,0.678619232,-0.68585944,-3.315806028,-0.68585944,-0.68585944,1.320945731,-0.68585944,-0.68585944,0.08763222,0.285199293,-2.390462243,-0.68585944
98,1997-Q2,-0.13798434,-1.051484071,-0.785432368,-1.77441999,-0.785432368,-3.785380542,-1.126998238,-0.785432368,-0.072476821,-0.785432368,-0.785432368,-0.587288892,0.267928531,-0.785432368,-3.023207545,-0.785432368,-0.785432368,0.495538431,-0.785432368,-0.785432368,-0.0155505,-0.750596884,-2.543176771,-0.785432368
99,1997-Q3,0.174766201,-0.158137506,-0.688723295,-1.900706118,-0.688723295,-4.532008215,-0.57264201,-0.688723295,0.314722276,-0.688723295,-0.688723295,-0.233014525,0.560642632,-0.688723295,-2.843529126,-0.688723295,-0.688723295,0.010043553,-0.688723295,-0.688723295,0.633310336,-0.910515446,-2.45650785,-0.688723295
100,1997-Q4,3.464837358,0.87065298,-0.359798449,-0.430197646,-0.359798449,-4.869212348,0.394684233,-0.359798449,1.106392353,-0.359798449,-0.359798449,0.344475343,0.897176965,-0.359798449,-1.638969499,-0.359798449,-0.359798449,-0.216725496,-0.359798449,-0.359798449,1.095638773,-0.194994224,-2.116841101,-0.359798449
101,1998-Q1,2.6167849,0.469832923,-0.45656699,-0.924443986,-0.45656699,-5.607669773,0.538636931,-0.45656699,0.093651633,-0.45656699,-0.45656699,-0.018487364,0.969601072,-0.45656699,-1.712682802,-0.45656699,-0.45656699,-0.37239721,-0.45656699,-0.45656699,0.588983152,0.217553791,-2.542911888,-0.45656699
102,1998-Q2,2.049155278,0.533178291,-0.491296861,-0.922748247,-0.491296861,-7.447820046,0.548880181,-0.491296861,0.699685466,-0.491296861,-0.491296861,0.057546769,0.942961455,-0.491296861,-2.241408988,-0.491296861,-0.491296861,-0.632071065,-0.491296861,-0.491296861,0.348675366,-0.729968904,-2.61981878,-0.491296861
103,1998-Q3,2.468923216,0.400642685,-0.046573027,0.171616329,-0.046573027,-6.293821893,0.925533084,-0.046573027,2.201549652,-0.046573027,-0.046573027,1.470882718,2.598224543,-0.046573027,-0.748942718,-0.046573027,-0.046573027,-0.715193344,-0.046573027,-0.046573027,1.775741129,0.172768698,-1.494549779,-0.046573027
104,1998-Q4,2.261821763,0.020595669,0.14428962,1.300587092,0.14428962,-6.332076512,1.825903961,0.14428962,2.213012375,0.14428962,0.14428962,2.366845646,3.768719173,0.14428962,0.319107029,0.14428962,0.14428962,-0.460650486,0.14428962,0.14428962,2.296574023,0.879148102,-0.432723995,0.14428962
105,1999-Q1,1.377107751,-0.417997044,-0.140920522,0.91835934,-0.140920522,-5.923490117,0.121782692,-0.140920522,1.080181582,-0.140920522,-0.140920522,1.264083464,2.529583997,-0.140920522,-0.237382138,-0.140920522,-0.140920522,-0.868640873,-0.140920522,-0.140920522,1.366150723,0.21560603,-0.932170331,-0.140920522
106,1999-Q2,0.550260405,-0.598009866,-0.433621322,-0.2289616,-0.433621322,-7.081848043,-0.684606462,-0.433621322,0.378912088,-0.433621322,-0.433621322,0.659241397,1.79096772,-0.433621322,-1.279664053,-0.433621322,-0.433621322,-1.417761685,-0.433621322,-0.433621322,0.784463638,-0.125275288,-1.171247873,-0.433621322
107,1999-Q3,0.477396029,-0.512876545,-0.495751056,-0.57861869,-0.495751056,-6.27487454,-0.956592566,-0.495751056,0.111013945,-0.495751056,-0.495751056,0.888865832,1.725996692,-0.495751056,-1.139649514,-0.495751056,-0.495751056,-1.497660839,-0.495751056,-0.495751056,0.409148644,-0.479024498,-1.521306754,-0.495751056
108,1999-Q4,0.399672117,-0.507797201,-0.630653638,-1.358725661,-0.630653638,-7.272881854,-1.48642432,-0.630653638,0.246193286,-0.630653638,-0.630653638,1.513756663,1.28830717,-0.630653638,-0.929900861,-0.630653638,-0.630653638,-1.218883956,-0.630653638,-0.630653638,-0.083537614,-0.174783688,-1.953743385,-0.630653638
109,2000-Q1,0.366820393,-0.177877585,-0.541977085,-0.359691435,-0.541977085,-5.843146949,-1.626511971,-0.541977085,0.424382229,-0.541977085,-0.541977085,1.164364497,1.203466468,-0.541977085,-1.176949228,-0.541977085,-0.541977085,-1.189789833,-0.541977085,-0.541977085,0.291511016,0.671799282,-1.898993475,-0.541977085
110,2000-Q2,0.359146425,-0.397289935,-0.384469816,0.290803394,-0.384469816,-5.442307123,-0.489071321,-0.384469816,0.825258307,-0.384469816,-0.384469816,1.770773741,1.245408852,-0.384469816,-0.43483938,-0.384469816,-0.384469816,-0.976066818,-0.384469816,-0.384469816,-0.134312581,0.789571697,-1.57989567,-0.384469816
111,2000-Q3,0.191541184,0.158930207,-0.537427899,-0.362479223,-0.537427899,-5.460141015,-0.368628904,-0.537427899,0.069722031,-0.537427899,-0.537427899,0.640268303,0.766223697,-0.537427899,-0.814098732,-0.537427899,-0.537427899,-1.057640804,-0.537427899,-0.537427899,-0.807508637,0.193446063,-1.52170201,-0.537427899
112,2000-Q4,1.0623538,0.113925886,-0.355198886,-0.370461201,-0.355198886,-6.109014674,0.303314499,-0.355198886,1.762916941,-0.355198886,-0.355198886,1.309521568,1.009909447,-0.355198886,-0.301290655,-0.355198886,-0.355198886,-1.174016531,-0.355198886,-0.355198886,-0.034915024,0.592103006,-0.830424076,-0.355198886
113,2001-Q1,1.218321779,1.022596418,-0.190169834,0.779493033,-0.190169834,-5.815942982,0.512487918,-0.190169834,2.860734733,-0.190169834,-0.190169834,1.465586661,1.082610798,-0.190169834,0.538114507,-0.190169834,-0.190169834,-1.018753998,-0.190169834,-0.190169834,1.003620373,0.990051115,-0.319439484,-0.190169834
114,2001-Q2,1.104212026,-0.553329435,-0.212748553,0.639717661,-0.212748553,-6.0795673,0.783579606,-0.212748553,1.764709716,-0.212748553,-0.212748553,1.848215732,1.106501678,-0.212748553,0.325122548,-0.212748553,-0.212748553,-0.727666635,-0.212748553,-0.212748553,0.623014453,2.003365964,-0.579360037,-0.212748553
115,2001-Q3,1.443982186,0.490671876,0.017818458,0.971027154,0.017818458,-5.294745225,1.992340796,0.017818458,2.888843369,0.017818458,0.017818458,1.952144477,0.99474452,0.017818458,1.292180904,0.017818458,0.017818458,-0.672264317,0.017818458,0.017818458,1.796315814,2.698351503,0.016485559,0.017818458
116,2001-Q4,2.361072121,-0.138643477,0.134883679,1.894836167,0.134883679,-6.02946939,2.523476477,0.134883679,2.427154786,0.134883679,0.134883679,1.915782095,1.991784381,0.134883679,1.521527582,0.134883679,0.134883679,-0.46790073,0.134883679,0.134883679,1.804117295,3.51087931,0.456743667,0.134883679
117,2002-Q1,1.260004289,0.167353599,-0.187690986,0.510672891,-0.187690986,-6.374187507,1.335028123,-0.187690986,0.251582007,-0.187690986,-0.187690986,1.141075503,1.504724238,-0.187690986,0.72184867,-0.187690986,-0.187690986,-0.803712026,-0.187690986,-0.187690986,1.045648869,1.84918268,-0.779317966,-0.187690986
118,2002-Q2,0.840970271,-0.517884142,-0.211183374,0.170821017,-0.211183374,-5.750242902,0.817988299,-0.211183374,0.421881788,-0.211183374,-0.211183374,1.386097242,1.376574161,-0.211183374,1.085402277,-0.211183374,-0.211183374,-0.997788474,-0.211183374,-0.211183374,1.211949368,1.408382973,-0.717239391,-0.211183374
119,2002-Q3,1.559323291,1.070750898,0.426470067,1.971752874,0.426470067,-4.815992989,2.040453058,0.426470067,2.831598524,0.426470067,0.426470067,4.034965364,2.970055216,0.426470067,2.879794581,0.426470067,0.426470067,-0.92465319,0.426470067,0.426470067,3.611954923,2.587494586,0.577646664,0.426470067
120,2002-Q4,0.96275249,0.310015932,0.282636003,2.119908778,0.282636003,-5.979887177,2.176555181,0.282636003,2.269277985,0.282636003,0.282636003,4.359607419,2.906308166,0.282636003,3.282767951,0.282636003,0.282636003,-1.734650532,0.282636003,0.282636003,3.924235631,3.224547502,0.722247488,0.282636003
121,2003-Q1,0.512002255,-0.111746368,-0.015982695,2.174476991,-0.015982695,-5.593956127,1.644975407,-0.015982695,1.0723838,-0.015982695,-0.015982695,3.202153594,1.855679434,-0.015982695,2.588442077,-0.015982695,-0.015982695,-1.936918781,-0.015982695,-0.015982695,3.338372335,1.945059534,0.341908645,-0.015982695
122,2003-Q2,-0.062600295,-1.816860848,-0.632451464,0.541604258,-0.632451464,-6.622394715,-0.009178773,-0.632451464,0.108776537,-0.632451464,-0.632451464,0.014950433,0.70531554,-0.632451464,0.688974605,-0.632451464,-0.632451464,-2.079723703,-0.632451464,-0.632451464,1.13233684,1.089464956,-1.018843538,-0.632451464
123,2003-Q3,-1.053162818,-2.54907734,-0.806748765,0.244976841,-0.806748765,-5.805900509,-0.58049888,-0.806748765,-0.398176897,-0.806748765,-0.806748765,-0.220858517,0.623092153,-0.806748765,-0.079149525,-0.806748765,-0.806748765,-1.973534574,-0.806748765,-0.806748765,0.261373977,0.279396372,-0.772375314,-0.806748765
124,2003-Q4,-1.599676772,-3.620246125,-1.148215765,-1.148602549,-1.148215765,-7.030152312,-0.828495837,-1.148215765,-1.357293429,-1.148215765,-1.148215765,-0.746827315,0.032449259,-1.148215765,-1.388852859,-1.148215765,-1.148215765,-2.399119294,-1.148215765,-1.148215765,-0.672368425,-0.831805398,-1.446697191,-1.148215765
125,2004-Q1,-1.844384149,-3.364030783,-1.154998882,-1.342471596,-1.154998882,-6.948193469,-1.459255935,-1.154998882,-1.181697194,-1.154998882,-1.154998882,-0.716651988,-0.416821825,-1.154998882,-1.569595798,-1.154998882,-1.154998882,-2.38262285,-1.154998882,-1.154998882,-0.919314718,-1.018523103,-1.512332833,-1.154998882
126,2004-Q2,-1.820347592,-2.652923838,-1.080655778,-1.070002625,-1.080655778,-6.851036388,-0.986756079,-1.080655778,-1.214645551,-1.080655778,-1.080655778,-0.69220339,-0.366012487,-1.080655778,-0.972787296,-1.080655778,-1.080655778,-2.967996354,-1.080655778,-1.080655778,-0.689790949,-1.381012805,-1.39819068,-1.080655778
127,2004-Q3,-2.132019391,-2.679856443,-1.245819819,-1.461880584,-1.245819819,-6.225053973,-0.744646566,-1.245819819,-1.711456189,-1.245819819,-1.245819819,-1.54444722,-0.674439911,-1.245819819,-1.179606228,-1.245819819,-1.245819819,-2.593310647,-1.245819819,-1.245819819,-1.023651797,-1.934191581,-1.805947969,-1.245819819
128,2004-Q4,-2.491858525,-3.846015719,-1.523582153,-2.205276976,-1.523582153,-8.249851489,-0.961649713,-1.523582153,-2.204742729,-1.523582153,-1.523582153,-1.51912949,-1.340294448,-1.523582153,-1.540650206,-1.523582153,-1.523582153,-3.160432262,-1.523582153,-1.523582153,-1.677474305,-2.436041295,-2.203094212,-1.523582153
129,2005-Q1,-2.751326337,-3.197530638,-1.661157871,-1.97711755,-1.661157871,-9.804990686,-1.625622951,-1.661157871,-2.369596332,-1.661157871,-1.661157871,-1.272524996,-1.514814429,-1.661157871,-2.080988885,-1.661157871,-1.661157871,-3.368398386,-1.661157871,-1.661157871,-2.247624646,-2.503627422,-2.506892214,-1.661157871
130,2005-Q2,-2.417639146,-2.389190589,-1.587305761,-1.615551889,-1.587305761,-9.772397064,-1.732048057,-1.587305761,-2.150163738,-1.587305761,-1.587305761,-1.59036175,-1.833048682,-1.587305761,-2.000768427,-1.587305761,-1.587305761,-2.855218919,-1.587305761,-1.587305761,-2.144886127,-2.521001633,-2.302450855,-1.587305761
131,2005-Q3,-2.440928165,-1.999053599,-1.726257312,-1.659556622,-1.726257312,-9.626366985,-2.8261134,-1.726257312,-3.200143406,-1.726257312,-1.726257312,-1.61134673,-2.293719315,-1.726257312,-2.303319633,-1.726257312,-1.726257312,-2.830514265,-1.726257312,-1.726257312,-2.659517752,-3.074832311,-2.751276431,-1.726257312
132,2005-Q4,-2.184149787,-1.699020478,-1.726629268,-1.844702439,-1.726629268,-11.12971827,-2.936684452,-1.726629268,-2.295955805,-1.726629268,-1.726629268,-2.119742917,-2.39740679,-1.726629268,-2.042057619,-1.726629268,-1.726629268,-2.685302278,-1.726629268,-1.726629268,-2.529253858,-3.001209487,-2.48755289,-1.726629268
133,2006-Q1,-2.777937621,-2.329976233,-1.878228005,-2.798572896,-1.878228005,-12.3143455,-2.658623088,-1.878228005,-2.466939798,-1.878228005,-1.878228005,-2.356227949,-2.632492323,-1.878228005,-2.339363065,-1.878228005,-1.878228005,-3.035840912,-1.878228005,-1.878228005,-2.894392003,-3.295756694,-2.93076729,-1.878228005
134,2006-Q2,-3.53465274,-2.381510969,-1.794582108,-3.176010393,-1.794582108,-12.15863077,-2.034240858,-1.794582108,-2.436779526,-1.794582108,-1.794582108,-2.016541396,-2.398203751,-1.794582108,-2.049875805,-1.794582108,-1.794582108,-3.099595738,-1.794582108,-1.794582108,-2.330437033,-2.893660736,-2.652770893,-1.794582108
135,2006-Q3,-3.659618295,-2.402956558,-1.772923423,-2.940425496,-1.772923423,-11.47160901,-1.497347466,-1.772923423,-2.003739183,-1.772923423,-1.772923423,-2.325225996,-2.500870269,-1.772923423,-1.803347363,-1.772923423,-1.772923423,-2.690457109,-1.772923423,-1.772923423,-2.596284054,-2.559787939,-2.518579171,-1.772923423
136,2006-Q4,-3.514788887,-3.375884105,-1.910808982,-3.26471031,-1.910808982,-11.7100636,-1.944319159,-1.910808982,-2.457532624,-1.910808982,-1.910808982,-2.567348607,-2.923120799,-1.910808982,-1.850188263,-1.910808982,-1.910808982,-2.959046808,-1.910808982,-1.910808982,-3.266892736,-2.778490043,-2.620600021,-1.910808982
137,2007-Q1,-3.232787635,-3.417856457,-1.809167362,-2.556680172,-1.809167362,-9.965467805,-2.204660686,-1.809167362,-2.378713346,-1.809167362,-1.809167362,-1.95596345,-2.766192874,-1.809167362,-1.728533983,-1.809167362,-1.809167362,-2.807417839,-1.809167362,-1.809167362,-2.72774289,-2.853561084,-2.471185491,-1.809167362
138,2007-Q2,-2.662006723,-3.592008602,-1.700877806,-2.153579686,-1.700877806,-9.767818075,-2.068134913,-1.700877806,-2.59605965,-1.700877806,-1.700877806,-1.376509442,-2.452558835,-1.700877806,-1.566985639,-1.700877806,-1.700877806,-2.856161661,-1.700877806,-1.700877806,-2.463753471,-2.844533606,-2.269427403,-1.700877806
139,2007-Q3,-1.05881111,-2.171834508,-1.010723901,-0.372726904,-1.010723901,-7.723888725,0.038124094,-1.010723901,-0.471037484,-1.010723901,-1.010723901,0.350751814,-0.611569548,-1.010723901,0.051500229,-1.010723901,-1.010723901,-2.258886962,-1.010723901,-1.010723901,-0.093544056,-2.17404213,-0.694179372,-1.010723901
140,2007-Q4,0.198336244,-0.623203413,-0.564163382,1.103087821,-0.564163382,-6.226963777,0.864488088,-0.564163382,0.344525735,-0.564163382,-0.564163382,2.188183935,0.140321135,-0.564163382,1.05510961,-0.564163382,-0.564163382,-2.608845786,-0.564163382,-0.564163382,1.134020968,-0.51165625,0.606996285,-0.564163382
141,2008-Q1,2.096301078,2.576493418,0.106011829,2.99712376,0.106011829,-4.064563555,2.630636153,0.106011829,1.575334658,0.106011829,0.106011829,3.535531685,1.324137899,0.106011829,2.908405191,0.106011829,0.106011829,-2.009134305,0.106011829,0.106011829,2.95056178,1.860251281,2.044454146,0.106011829
142,2008-Q2,2.269190582,3.412565018,0.218139652,3.032440747,0.218139652,-3.261687322,1.27466185,0.218139652,0.45481581,0.218139652,0.218139652,3.532244494,0.96590338,0.218139652,3.174165309,0.218139652,0.218139652,-0.286675126,0.218139652,0.218139652,2.83672662,1.822321799,2.708667535,0.218139652
143,2008-Q3,4.136535276,6.279840283,0.970947096,4.701844639,0.970947096,-0.630051205,3.475283254,0.970947096,3.616571579,0.970947096,0.970947096,4.562900294,2.018702697,0.970947096,4.232974253,0.970947096,0.970947096,2.360494124,0.970947096,0.970947096,4.654033264,3.574616101,3.916003544,0.970947096
144,2008-Q4,15.17087741,14.85438197,4.227110601,16.24107617,4.227110601,2.306560377,11.10572495,4.227110601,14.31942751,4.227110601,4.227110601,13.05439378,9.042215157,4.227110601,11.0953495,4.227110601,4.227110601,7.393181986,4.227110601,4.227110601,11.65497256,11.24656899,11.58642387,4.227110601
145,2009-Q1,9.827403385,9.565058949,2.703347997,10.53167078,2.703347997,2.329794385,7.774562025,2.703347997,9.663700523,2.703347997,2.703347997,10.33354078,7.130957179,2.703347997,8.3147686,2.703347997,2.703347997,4.516991638,2.703347997,2.703347997,7.73618367,5.960912154,9.232248159,2.703347997
146,2009-Q2,4.959676202,3.140828943,0.897826874,3.858987651,0.897826874,1.386054727,3.319886009,0.897826874,4.143194669,0.897826874,0.897826874,5.193267346,3.501202554,0.897826874,4.35001791,0.897826874,0.897826874,0.973895269,0.897826874,0.897826874,3.415309998,2.659935672,4.58673246,0.897826874
147,2009-Q3,1.704134924,-1.680379852,-0.023290206,0.826150741,-0.023290206,1.459182372,1.847285714,-0.023290206,1.592463529,-0.023290206,-0.023290206,1.666300087,1.157514513,-0.023290206,2.428934733,-0.023290206,-0.023290206,0.640679513,-0.023290206,-0.023290206,1.082346819,0.843401833,1.934981255,-0.023290206
148,2009-Q4,0.829450007,-2.187050015,-0.569193926,-0.765939521,-0.569193926,1.534066752,0.590996128,-0.569193926,-0.501376207,-0.569193926,-0.569193926,-0.551809201,-0.03178957,-0.569193926,0.713306478,-0.569193926,-0.569193926,-0.396206173,-0.569193926,-0.569193926,0.886088861,-1.169754718,0.539944224,-0.569193926
149,2010-Q1,-0.535465962,-0.25288162,-0.663609806,-0.659801274,-0.663609806,2.543465137,-0.832042641,-0.663609806,-0.407540889,-0.663609806,-0.663609806,-1.005411227,-0.558025167,-0.663609806,0.781005675,-0.663609806,-0.663609806,0.200265147,-0.663609806,-0.663609806,-0.43953712,-2.106545159,0.721742652,-0.663609806
150,2010-Q2,0.831729237,2.6475469,-0.192916947,0.159007847,-0.192916947,3.011018148,0.65251554,-0.192916947,1.225517179,-0.192916947,-0.192916947,0.367365913,-0.079252174,-0.192916947,1.980719433,-0.192916947,-0.192916947,0.291611393,-0.192916947,-0.192916947,1.311992209,-0.824965753,2.153654987,-0.192916947
151,2010-Q3,0.024138241,1.362798467,-0.442808551,0.467420685,-0.442808551,3.596920997,0.946516318,-0.442808551,0.432928624,-0.442808551,-0.442808551,0.306968798,-0.425027385,-0.442808551,1.545863678,-0.442808551,-0.442808551,-0.458464309,-0.442808551,-0.442808551,0.648124923,-1.599796932,1.460139368,-0.442808551
152,2010-Q4,-0.538298159,-0.587287624,-0.747865692,-0.373717408,-0.747865692,3.17642998,-0.196084928,-0.747865692,-1.066272414,-0.747865692,-0.747865692,-0.490633089,-0.995289046,-0.747865692,0.462841762,-0.747865692,-0.747865692,-1.412661731,-0.747865692,-0.747865692,-0.510617632,-2.018690977,0.922790234,-0.747865692
153,2011-Q1,-1.074947399,-0.267728499,-0.702703343,-1.337045061,-0.702703343,3.686309005,-0.273312376,-0.702703343,-1.178567707,-0.702703343,-0.702703343,-0.348196291,-1.256229952,-0.702703343,0.308514193,-0.702703343,-0.702703343,-1.466333315,-0.702703343,-0.702703343,-0.465462783,-1.573156917,-0.060257508,-0.702703343
154,2011-Q2,-0.797628158,0.10668341,-0.576611237,-0.224289964,-0.576611237,4.209797684,0.050460592,-0.576611237,-0.229045376,-0.576611237,-0.576611237,-0.758758725,-1.398840291,-0.576611237,0.471766116,-0.576611237,-0.576611237,-0.452849418,-0.576611237,-0.576611237,-0.211742008,-1.306018616,0.911846697,-0.576611237
155,2011-Q3,1.560842933,3.027202296,0.360164735,1.606188129,0.360164735,5.679288826,1.093322068,0.360164735,1.752962893,0.360164735,0.360164735,1.981991412,0.084079583,0.360164735,4.118768996,0.360164735,0.360164735,1.077942448,0.360164735,0.360164735,2.501870647,0.558190379,4.622042242,0.360164735
156,2011-Q4,1.541271876,3.509267843,0.529742475,2.629730773,0.529742475,6.406892182,1.186159048,0.529742475,2.36006467,0.529742475,0.529742475,1.390595125,0.445275678,0.529742475,4.656199908,0.529742475,0.529742475,1.602803745,0.529742475,0.529742475,1.249469598,1.541072033,5.942809012,0.529742475
157,2012-Q1,-0.686846741,1.622248339,-0.309502256,0.356647726,-0.309502256,6.423442037,-1.967694718,-0.309502256,0.085053702,-0.309502256,-0.309502256,-1.014954352,-1.367407447,-0.309502256,1.963630873,-0.309502256,-0.309502256,1.249563853,-0.309502256,-0.309502256,-0.532879465,-0.459030861,3.955368307,-0.309502256
158,2012-Q2,-0.795822837,2.512395697,-0.104219598,1.406683252,-0.104219598,8.356531802,0.449151901,-0.104219598,0.825100032,-0.104219598,-0.104219598,-0.800605076,-1.613354853,-0.104219598,2.439706275,-0.104219598,-0.104219598,2.547882753,-0.104219598,-0.104219598,0.039899015,-0.444710844,3.905539524,-0.104219598
159,2012-Q3,-2.205111117,0.782276964,-0.657495048,-1.145764507,-0.657495048,7.614085865,-0.2949892,-0.657495048,-1.119279529,-0.657495048,-0.657495048,-1.820073615,-2.17964944,-0.657495048,0.15067733,-0.657495048,-0.657495048,1.740221724,-0.657495048,-0.657495048,-1.651324008,-1.473112854,1.39651284,-0.657495048
160,2012-Q4,-2.775206685,-0.094906961,-0.779094484,-1.186854893,-0.779094484,9.404279739,-2.15979917,-0.779094484,-0.835495213,-0.779094484,-0.779094484,-1.865368052,-2.78117087,-0.779094484,-0.116976982,-0.779094484,-0.779094484,1.925595391,-0.779094484,-0.779094484,-1.580641981,-1.859760342,0.462737381,-0.779094484
161,2013-Q1,-2.817303551,-0.563384664,-0.986708509,-1.905849639,-0.986708509,8.605954081,-3.885907262,-0.986708509,-1.466241074,-0.986708509,-0.986708509,-2.918973327,-2.748862864,-0.986708509,-0.550280006,-0.986708509,-0.986708509,1.44885549,-0.986708509,-0.986708509,-2.088893259,-2.628366437,-0.297693184,-0.986708509
162,2013-Q2,-2.341516297,0.358313407,-0.812399128,-1.298751523,-0.812399128,7.593883312,-3.786720064,-0.812399128,-0.81327773,-0.812399128,-0.812399128,-2.311555683,-2.091368974,-0.812399128,-0.475471729,-0.812399128,-0.812399128,1.084394512,-0.812399128,-0.812399128,-2.023007362,-2.131256048,-0.515392217,-0.812399128
163,2013-Q3,-2.289049985,-0.147792199,-0.786060436,-1.538087359,-0.786060436,5.722872054,-2.77295803,-0.786060436,-1.342264759,-0.786060436,-0.786060436,-2.15280269,-2.259695785,-0.786060436,-0.539580459,-0.786060436,-0.786060436,0.606997049,-0.786060436,-0.786060436,-1.616923769,-2.307308487,-0.65601548,-0.786060436
164,2013-Q4,-2.791578476,-0.467563313,-0.925006852,-1.738699769,-0.925006852,5.030083573,-2.71993054,-0.925006852,-1.400915998,-0.925006852,-0.925006852,-2.776726773,-2.504241595,-0.925006852,-1.178414609,-0.925006852,-0.925006852,1.089167752,-0.925006852,-0.925006852,-1.799213115,-2.867296622,-0.915645749,-0.925006852
165,2014-Q1,-2.887549967,-0.061479197,-0.926915,-1.911678568,-0.926915,4.31693302,-1.419744789,-0.926915,-1.266906307,-0.926915,-0.926915,-2.372875844,-2.576717214,-0.926915,-0.619476115,-0.926915,-0.926915,0.475090756,-0.926915,-0.926915,-2.183431697,-2.773306346,-0.900215865,-0.926915
166,2014-Q2,-3.362977392,-0.381657488,-1.154161609,-1.975708289,-1.154161609,3.765831428,-2.488315856,-1.154161609,-2.240613848,-1.154161609,-1.154161609,-3.168042704,-3.076884421,-1.154161609,-0.978359482,-1.154161609,-1.154161609,0.359354428,-1.154161609,-1.154161609,-2.135805341,-3.267502715,-0.829746988,-1.154161609
167,2014-Q3,-2.817746549,0.162623773,-0.98183954,-1.491206445,-0.98183954,3.995664342,-2.034228243,-0.98183954,-1.170048203,-0.98183954,-0.98183954,-3.10808325,-2.770977192,-0.98183954,-0.296614206,-0.98183954,-0.98183954,1.134629323,-0.98183954,-0.98183954,-2.36186463,-2.438526093,-0.439598879,-0.98183954
168,2014-Q4,-1.689496916,0.695224878,-0.675183233,-0.637919583,-0.675183233,5.265102465,-2.052760899,-0.675183233,0.552753036,-0.675183233,-0.675183233,-2.280290244,-2.123450534,-0.675183233,0.343964695,-0.675183233,-0.675183233,1.324997919,-0.675183233,-0.675183233,-1.685055507,-2.130566784,0.287245041,-0.675183233
169,2015-Q1,-1.557149698,0.476190088,-0.572955348,-0.118902738,-0.572955348,3.605045241,-2.203527262,-0.572955348,0.981217911,-0.572955348,-0.572955348,-1.421797612,-1.644728629,-0.572955348,-0.207456865,-0.572955348,-0.572955348,1.442223315,-0.572955348,-0.572955348,-0.20695551,-1.64949255,-0.311117983,-0.572955348
170,2015-Q2,-1.862353462,1.754783711,-0.685804147,-1.301387027,-0.685804147,3.627212534,-2.191863513,-0.685804147,-0.045896282,-0.685804147,-0.685804147,-1.787570899,-1.925712889,-0.685804147,0.10232265,-0.685804147,-0.685804147,0.247681084,-0.685804147,-0.685804147,-1.024422428,-2.478751857,-0.395404006,-0.685804147
171,2015-Q3,-1.070988781,2.785858812,-0.235845487,0.250547906,-0.235845487,4.633994465,-0.494686654,-0.235845487,2.018680739,-0.235845487,-0.235845487,-0.728758373,-1.346524086,-0.235845487,1.291229812,-0.235845487,-0.235845487,1.18493707,-0.235845487,-0.235845487,-0.404664864,-1.900918113,0.470239325,-0.235845487
172,2015-Q4,-1.73414203,2.462906076,-0.416343663,-0.442700867,-0.416343663,3.145279967,-0.290706036,-0.416343663,1.380471354,-0.416343663,-0.416343663,-1.082541015,-1.555612522,-0.416343663,0.952180364,-0.416343663,-0.416343663,0.918658378,-0.416343663,-0.416343663,-0.923737543,-1.489049924,0.459019078,-0.416343663
173,2016-Q1,-1.15403665,2.040254794,-0.310874145,0.47186925,-0.310874145,2.5880695,1.37627325,-0.310874145,0.98173155,-0.310874145,-0.310874145,-0.179230327,-1.2233496,-0.310874145,1.38670895,-0.310874145,-0.310874145,1.4245548,-0.310874145,-0.310874145,0.00885845,-1.19880293,1.2908202,-0.310874145
174,2016-Q2,-2.4075768,1.077323145,-0.702493513,-0.95191395,-0.702493513,1.5970443,1.18412305,-0.702493513,-0.87171015,-0.702493513,-0.702493513,-1.159061178,-1.8328021,-0.702493513,0.5895615,-0.702493513,-0.702493513,0.2837969,-0.702493513,-0.702493513,-1.0718569,-1.680747897,0.17348625,-0.702493513
175,2016-Q3,-2.8628585,0.580735031,-0.847671795,-1.09404055,-0.847671795,1.61253625,0.7739299,-0.847671795,-1.06301825,-0.847671795,-0.847671795,-1.577141266,-2.40709885,-0.847671795,0.17259545,-0.847671795,-0.847671795,0.00077375,-0.847671795,-0.847671795,-0.9732625,-1.87081438,0.007352,-0.847671795
176,2016-Q4,-2.5216246,-0.062700119,-1.010467458,-0.9302917,-1.010467458,1.87660015,-2.38362795,-1.010467458,-3.145327,-1.010467458,-1.010467458,-1.459784416,-2.16298365,-1.010467458,-2.57596095,-1.010467458,-1.010467458,0.7958543,-1.010467458,-1.010467458,-1.05195695,-2.64284838,-0.08701705,-1.010467458